42920145,Guilbert,Liddle,gliddle0@123-reg.co.uk,20,5 Lindbergh Parkway,0
46488313,Alwin,Tidbold,atidbold1@admin.ch,20,227 North Park,0
78572609,Olivette,Bonder,obonder2@photobucket.com,4,7 Dottie Street,1
79333088,Ettore,Hubback,ehubback3@yahoo.co.jp,3,9842 Waubesa Park,1
80832968,Filide,Hollerin,fhollerin4@spotify.com,9,2 Stang Court,1
51689161,Oby,Cutsforth,ocutsforth5@ycombinator.com,18,25 Armistice Center,1
10015346,Carr,Aymeric,caymeric6@live.com,18,68 Fulton Terrace,1
50002812,Leonore,Videneev,lvideneev7@hhs.gov,9,9 Melby Court,0
87891775,Chip,Mieville,cmieville8@themeforest.net,9,39 Hansons Circle,1
61989453,Aubrie,Winslade,awinslade9@senate.gov,18,15 Dixon Park,0
92051483,Witty,Miklem,wmiklema@merriam-webster.com,7,0 Talisman Hill,0
70640061,Aili,Saint,asaintb@digg.com,20,696 Shelley Junction,0
51503343,Zollie,Boggers,zboggersc@indiatimes.com,20,5 Anhalt Point,1
84296177,Ryon,Capaldi,rcapaldid@facebook.com,15,254 Nancy Junction,0
34022586,Hagan,Thickpenny,hthickpennye@sitemeter.com,7,58 Stuart Trail,1
82557943,Marcelline,Ditts,mdittsf@example.com,11,9808 Kinsman Circle,1
71422572,Claudian,Jirasek,cjirasekg@spotify.com,14,9290 Darwin Circle,1
63753983,Genovera,Richardeau,grichardeauh@blog.com,3,13 Daystar Avenue,1
81304558,Tally,Gery,tgeryi@admin.ch,17,0403 Clarendon Court,1
24575576,Virginia,Gianettini,vgianettinij@google.ca,15,95 Comanche Alley,0
50771527,Rae,Oldfield-Cherry,roldfieldcherryk@state.gov,14,50 Sutteridge Way,0
23423669,Darrelle,Tidbury,dtidburyl@ted.com,12,66 Corben Place,0
15084350,Amandie,Klimp,aklimpm@google.co.jp,5,37 Nova Crossing,0
52022076,Pepillo,Dole,pdolen@cpanel.net,2,74 Loomis Avenue,1
33882545,Tracy,Peeters,tpeeterso@dmoz.org,2,8 Kennedy Place,0
18885506,Esteban,Pear,epearp@fotki.com,7,67 David Center,0
44721534,Mariel,Cornillot,mcornillotq@oracle.com,2,42676 Heffernan Place,0
34493211,Clo,Cinavas,ccinavasr@bloomberg.com,11,0 7th Road,0
51865216,Sibbie,Fawssett,sfawssetts@ft.com,3,76078 Tomscot Lane,0
36025973,Shannah,Guerra,sguerrat@google.com.br,8,513 Colorado Circle,0
91587558,Giulio,Denison,gdenisonu@addthis.com,18,74187 Cardinal Center,1
69980475,Amaleta,Deignan,adeignanv@csmonitor.com,15,569 Schiller Drive,0
12195517,Grata,Perritt,gperrittw@google.de,15,10489 Melrose Lane,0
83112026,Nicolette,Pays,npaysx@printfriendly.com,10,28 Waubesa Point,1
99104590,Renaud,Beetlestone,rbeetlestoney@webmd.com,17,19 Old Gate Avenue,1
17994406,Camille,Lawden,clawdenz@hud.gov,5,6 Mariners Cove Place,0
36394519,Addy,Penke,apenke10@google.com.au,12,741 Service Court,1
75064868,Salvatore,Alven,salven11@ucoz.com,14,4618 Rowland Alley,1
51162755,Marthe,Plews,mplews12@eepurl.com,1,415 Scott Place,0
85459670,Olly,Creaney,ocreaney13@geocities.com,3,07344 Dovetail Road,0
55464109,Kaela,Stork,kstork14@mlb.com,3,1 Annamark Street,1
27972793,Hagen,Lornsen,hlornsen15@photobucket.com,12,5 Dennis Hill,0
62618135,Nichole,Feek,nfeek16@xrea.com,20,316 Hintze Terrace,1
35531443,Burlie,Corrado,bcorrado17@feedburner.com,3,44 Novick Center,1
64239701,Freida,Garbett,fgarbett18@china.com.cn,11,23 Cottonwood Park,0
73668933,Alia,Carvil,acarvil19@admin.ch,17,23 International Terrace,1
37636158,Netti,Mandre,nmandre1a@feedburner.com,20,597 Arkansas Place,0
37074125,Brocky,Clynman,bclynman1b@jalbum.net,13,635 Golf View Circle,0
24423870,Ingamar,Mateo,imateo1c@goodreads.com,2,207 Leroy Avenue,0
92383547,Yoshiko,O'Donegan,yodonegan1d@gov.uk,14,04311 Schiller Plaza,0
91550583,Torin,Lottrington,tlottrington1e@hc360.com,5,14885 1st Junction,0
97024898,Joletta,Foskew,jfoskew1f@last.fm,18,6 Hoard Circle,1
37177631,Legra,Rillett,lrillett1g@github.com,17,4261 Jackson Alley,1
33645766,Buddy,Ousby,bousby1h@tinyurl.com,17,07 Hoffman Center,0
15957481,Guthrey,Hamson,ghamson1i@facebook.com,20,54 Crescent Oaks Street,0
95286948,Carly,Neiland,cneiland1j@pen.io,18,163 Cordelia Plaza,0
72022083,Petronilla,Abden,pabden1k@51.la,15,90 High Crossing Alley,1
77883112,Raye,O'Cridigan,rocridigan1l@shutterfly.com,9,57985 Melrose Road,0
82536520,Leila,Leighfield,lleighfield1m@google.com.au,17,0 Fulton Center,1
43389055,Sarita,Scandwright,sscandwright1n@people.com.cn,14,50463 Buhler Parkway,0
44305294,Miguelita,Pickerin,mpickerin1o@ed.gov,19,88 Arkansas Way,0
88166613,Tully,Scheffler,tscheffler1p@reference.com,7,910 Moose Avenue,0
18267658,Dael,Shelper,dshelper1q@last.fm,10,76603 Pennsylvania Parkway,0
33949669,Elise,Glew,eglew1r@elpais.com,6,36 Lighthouse Bay Hill,0
10914824,Latia,Blankett,lblankett1s@cmu.edu,19,88 Riverside Junction,0
21826616,Davis,Brantzen,dbrantzen1t@vk.com,13,833 Donald Drive,0
32055695,Yankee,Guinn,yguinn1u@baidu.com,12,6 Badeau Lane,0
90058502,Edlin,Streater,estreater1v@sakura.ne.jp,5,1 Cambridge Plaza,1
39322718,Aviva,Lazar,alazar1w@prweb.com,19,516 North Court,1
28301874,Johnathan,Daley,jdaley1x@soundcloud.com,15,6159 Valley Edge Park,1
60946992,Kaylil,Lambarton,klambarton1y@pbs.org,15,5618 Sachtjen Point,1
89388168,Jarrod,Hand,jhand1z@intel.com,9,97 Walton Court,0
10124996,Ansley,Brient,abrient20@cnbc.com,7,7782 Westerfield Lane,0
25052830,Lira,Ivanyukov,livanyukov21@instagram.com,4,728 Northridge Lane,1
38246465,Breena,Colmer,bcolmer22@apache.org,1,011 Ryan Terrace,1
